<?xml version="1.0" encoding="UTF-8"?>
<ONIXmessage xmlns="http://www.editeur.org/onix/2.1/short"
	xmlns:xsi="http://www.w3.org/2001/XMLSchema-instance"
	xsi:schemaLocation="http://www.editeur.org/onix/2.1/short/ONIX_BookProduct_Release2.1_short.xsd">
	<header>
		<m174 refname="FromCompany">My sample publishing group</m174>
		<m182 refname="SentDate">20120131</m182>
	</header>
	<product>
		<productidentifier>
			<b221 refname="ProductIDType">15</b221>
			<b244 refname="IDValue">9780000000000</b244>
		</productidentifier>
		<title>
			<b202 refname="TitleType">01</b202>
			<b203 refname="TitleText">My title</b203>
		</title>
		<contributor>
			<b034 refname="SequenceNumber">1</b034>
			<b035 refname="ContributorRole">A01</b035>
			<b036 refname="PersonName">John Smith</b036>
			<b037 refname="PersonNameInverted">Smith, John</b037>
		</contributor>
		<language>
			<b253 refname="LanguageRole">01</b253>
			<b252 refname="LanguageCode">ger</b252>
		</language>
		<salesrights>
			<b089 refname="SalesRightsType">01</b089>
			<b388 refname="RightsTerritory">WORLD</b388>
		</salesrights>
		<b064 refname="BASICMainSubject">FIC000000</b064>
		<othertext>
			<d102 refname="TextTypeCode">01</d102>
			<d103 refname="TextFormat">02</d103>
			<d104 refname="Text">
				&lt;p&gt;If you like you can use &lt;i&gt;basic html tags&lt;/i&gt; for formatting like this.&lt;/p&gt;
			</d104>
		</othertext>
		<publisher>
			<b291 refname="PublishingRole">01</b291>
			<b081 refname="PublisherName">My imprint</b081>
		</publisher>
		<b394 refname="PublishingStatus">04</b394>
		<b003 refname="PublicationDate">20120215</b003>
		<supplydetail>
			<j143 refname="OnSaleDate">20120215</j143>
			<price>
				<j148 refname="PriceTypeCode">04</j148>
				<j151 refname="PriceAmount">2.99</j151>
				<j152 refname="CurrencyCode">EUR</j152>
			</price>
			<price>
				<j148 refname="PriceTypeCode">41</j148>
				<j151 refname="PriceAmount">3.99</j151>
				<j152 refname="CurrencyCode">USD</j152>
			</price>
			<price>
				<j148 refname="PriceTypeCode">41</j148>
				<j151 refname="PriceAmount">3.99</j151>
				<j152 refname="CurrencyCode">CAD</j152>
			</price>
		</supplydetail>
	</product>
</ONIXmessage>
